{
  "userdetails": [
    {
      "id": 1,
      "uname": "supraja",
      "pwd": "1234",
      "repwd": "1234",
      "email": "supraja@gmail.com"
    },
    {
      "username": "rekha",
      "password": "12345",
      "repassword": "12345",
      "email": "rekha@gmail.com",
      "id": 2
    },
    {
      "username": "smily",
      "password": "123",
      "repassword": "123",
      "email": "smily@gmail.com",
      "id": 3
    },
    {
      "username": "sweety",
      "password": "123",
      "repassword": "123",
      "email": "sweety@gmail.com",
      "id": 4
    },
    {
      "username": "rosy",
      "password": "123",
      "repassword": "123",
      "email": "rosy@gmail.com",
      "id": 5
    },
    {
      "username": "kumar",
      "password": "1414",
      "repassword": "1414",
      "email": "sai@gmail.com",
      "id": 6
    },
    {
      "username": "sai",
      "password": "123",
      "repassword": "123",
      "email": "saikumarsandra@gmail.com",
      "id": 7
    },
    {
      "username": "sai",
      "password": "123",
      "repassword": "123",
      "email": "saikumarsandra@gmail.com",
      "id": 8
    },
    {
      "username": "sai",
      "password": "123",
      "repassword": "123",
      "email": "sairam@gmail.com",
      "id": 9
    }
    
  ]
}